id,first_name,last_name,DateOfBirth,Email,PhoneNumber
1,Amelita,Lindstrom,10/30/1931,alindstrom0@wsj.com,776-792-0281
2,Ely,Wauchope,6/23/1925,ewauchope1@godaddy.com,170-356-7946
3,Eldin,Maymand,9/23/1961,emaymand2@wufoo.com,951-724-6891
4,Salim,Sallinger,9/2/1990,ssallinger3@berkeley.edu,465-394-6639
5,Tildy,Coyne,3/6/1937,tcoyne4@omniture.com,131-805-4747
6,Aridatha,Fendt,7/4/1910,afendt5@hubpages.com,593-804-2700
7,Quincey,Haszard,1/3/1989,qhaszard6@oakley.com,587-864-1606
8,Cinda,Wynrehame,7/8/1996,cwynrehame7@chronoengine.com,832-788-6070
9,Derril,Wilcockes,1/22/1967,dwilcockes8@google.com,125-727-0099
10,Tabby,Reade,9/18/1940,treade9@godaddy.com,202-951-0085
11,Welby,Tripon,8/25/1997,wtripona@istockphoto.com,573-954-4607
12,Julie,Wenzel,1/6/1927,jwenzelb@bravesites.com,623-255-4047
13,Nichole,Chatten,8/19/1995,nchattenc@wisc.edu,701-950-2057
14,Christina,Flather,8/9/2004,cflatherd@microsoft.com,186-308-8075
15,Timoteo,Heeley,4/9/1953,theeleye@discovery.com,875-338-9982
16,Cassaundra,MacGillivrie,4/16/1969,cmacgillivrief@com.com,202-304-7106
17,Germaine,Silby,6/15/1988,gsilbyg@facebook.com,413-127-9034
18,Tudor,Lewendon,5/4/1925,tlewendonh@ed.gov,156-918-6224
19,Lynnett,Gallichan,4/7/1922,lgallichani@bizjournals.com,557-582-7415
20,Jennie,Christofor,4/29/1911,jchristoforj@surveymonkey.com,827-291-1586
21,Raimundo,Clausen-Thue,3/6/1937,rclausenthuek@last.fm,740-509-6982
22,Max,Hadley,9/19/1932,mhadleyl@ed.gov,226-860-9278
23,Francklin,MacCahey,2/1/1910,fmaccaheym@unblog.fr,973-258-2406
24,Jobie,Dagger,8/6/1982,jdaggern@chron.com,356-321-7551
25,Shelagh,Ordidge,8/6/1973,sordidgeo@last.fm,699-113-8440
26,Alexandra,Mobberley,7/10/1957,amobberleyp@webeden.co.uk,843-924-7555
27,Amye,Nel,2/4/1996,anelq@spotify.com,721-804-7929
28,Laurence,Beese,1/26/1961,lbeeser@yelp.com,165-406-9411
29,Dalton,Gawith,11/16/1973,dgawiths@jigsy.com,298-390-7062
30,Odo,Colyer,3/20/1953,ocolyert@goo.gl,999-234-5402
31,Hamish,Anwyl,2/25/1956,hanwylu@census.gov,460-818-2345
32,Lissa,Ferebee,6/7/1966,lferebeev@paypal.com,430-809-0675
33,Courtney,Spofford,4/2/1982,cspoffordw@gov.uk,986-481-2051
34,Iorgo,Thrift,8/23/2002,ithriftx@hatena.ne.jp,284-898-2475
35,Fanchette,Lamble,7/7/1986,flambley@nifty.com,912-804-9163
36,Bridgette,Kingscote,11/24/1996,bkingscotez@simplemachines.org,158-315-2381
37,Jillie,Yoslowitz,2/6/1954,jyoslowitz10@live.com,133-337-1796
38,Olympie,Layzell,6/23/1951,olayzell11@redcross.org,493-921-8565
39,Trueman,Hubach,7/15/1945,thubach12@mapy.cz,264-129-2001
40,Roth,Blinde,8/16/1982,rblinde13@homestead.com,168-964-6405
41,Hercule,Hallybone,12/3/1984,hhallybone14@feedburner.com,349-357-5125
42,Wittie,Overall,7/1/1994,woverall15@fc2.com,298-701-5923
43,Jermaine,Ballay,6/28/1917,jballay16@jiathis.com,202-424-8072
44,Claudelle,Plews,5/2/1914,cplews17@shinystat.com,222-927-6179
45,Neil,Cordner,5/25/1985,ncordner18@behance.net,618-909-5224
46,Liva,Kunat,9/5/1926,lkunat19@blog.com,622-452-1335
47,Cristal,Simunek,3/24/1993,csimunek1a@constantcontact.com,123-347-0880
48,Kathie,Mathon,1/8/1940,kmathon1b@accuweather.com,702-996-2928
49,Briney,Myhill,10/1/1947,bmyhill1c@ucsd.edu,455-106-8046
50,Brinna,Ligertwood,9/28/1932,bligertwood1d@icq.com,824-890-7107
51,Regine,Coombs,6/12/1945,rcoombs1e@mit.edu,498-116-8842
52,Rosamond,Lesmonde,8/13/1929,rlesmonde1f@nbcnews.com,839-812-3727
53,Nola,Brydie,3/10/1970,nbrydie1g@businessweek.com,466-667-7694
54,Gerry,Boshier,11/20/1998,gboshier1h@altervista.org,424-153-0163
55,Rivi,Curnow,8/13/1993,rcurnow1i@tripadvisor.com,876-999-5048
56,Dur,Gobourn,8/10/1996,dgobourn1j@utexas.edu,366-421-9502
57,Garvy,Graben,11/25/1953,ggraben1k@examiner.com,914-741-1850
58,Carce,Blinder,1/15/1968,cblinder1l@engadget.com,471-306-4043
59,Hank,Jealous,12/7/1915,hjealous1m@gravatar.com,944-504-8302
60,Latashia,Ordelt,1/29/1947,lordelt1n@tripadvisor.com,509-278-9171
61,Faye,Delyth,2/22/1923,fdelyth1o@eventbrite.com,493-653-6738
62,Wren,Kynd,12/16/1980,wkynd1p@nytimes.com,193-231-0218
63,Maddie,Ox,7/23/1934,mox1q@webmd.com,334-148-7837
64,Donaugh,Parkman,4/15/1979,dparkman1r@cocolog-nifty.com,583-327-6207
65,Carmine,Binch,4/17/1991,cbinch1s@answers.com,226-278-2514
66,Seward,Gonthard,9/25/1979,sgonthard1t@bloglovin.com,194-475-8884
67,Bren,Gerb,3/7/1925,bgerb1u@illinois.edu,202-777-3606
68,Thorvald,Woolfall,4/27/1932,twoolfall1v@intel.com,582-423-7826
69,Hersch,Tilby,10/19/1982,htilby1w@qq.com,336-872-3074
70,Neel,Alcorn,5/25/1968,nalcorn1x@bizjournals.com,385-124-0146
71,Genny,Truin,7/18/1947,gtruin1y@toplist.cz,351-243-9998
72,Sauveur,Sonier,9/18/1960,ssonier1z@livejournal.com,772-130-0861
73,Avrom,Strutt,1/20/1984,astrutt20@theatlantic.com,929-930-2774
74,Kathe,Nials,7/21/1970,knials21@msn.com,730-187-7626
75,Bradley,Batrick,2/13/1997,bbatrick22@odnoklassniki.ru,629-559-2904
76,Ruby,Auton,11/30/1958,rauton23@diigo.com,255-639-9738
77,Davis,Jacmard,12/6/1928,djacmard24@list-manage.com,878-313-2554
78,Nikita,Cleave,2/26/1942,ncleave25@barnesandnoble.com,596-358-4122
79,Julietta,Faherty,9/17/1982,jfaherty26@wordpress.com,336-544-4221
80,Dorie,Smoth,10/30/1920,dsmoth27@posterous.com,551-680-0686
81,Elsinore,Harriot,12/8/1984,eharriot28@chicagotribune.com,392-519-7190
82,Elmore,Eynon,11/4/1929,eeynon29@nationalgeographic.com,338-888-7348
83,Carmen,Ioselevich,8/29/1954,cioselevich2a@prnewswire.com,528-707-1124
84,Shir,Clive,3/3/1999,sclive2b@discuz.net,185-284-2145
85,Gaston,Oughtright,6/28/1929,goughtright2c@vinaora.com,861-488-3541
86,Fidelia,Conibere,10/7/1997,fconibere2d@whitehouse.gov,248-512-7062
87,Angil,Blewmen,6/21/1935,ablewmen2e@noaa.gov,878-522-0226
88,Marla,Mangenet,1/1/1928,mmangenet2f@squarespace.com,119-572-6371
89,Paloma,Banasevich,9/20/1973,pbanasevich2g@pcworld.com,154-966-6408
90,Keslie,Ouldcott,7/19/1929,kouldcott2h@i2i.jp,316-294-0136
91,Joela,L'Homme,5/13/1938,jlhomme2i@studiopress.com,473-866-1496
92,Trumaine,O'Hoolahan,12/22/1950,tohoolahan2j@etsy.com,241-718-6145
93,North,Pitcher,5/1/1989,npitcher2k@oakley.com,527-237-4563
94,Caprice,Wavell,4/12/1986,cwavell2l@sphinn.com,871-446-6386
95,Normie,Fairhurst,6/1/1939,nfairhurst2m@wired.com,523-528-4378
96,Ingamar,Marquese,1/10/1982,imarquese2n@reference.com,434-298-6907
97,Sapphire,Standage,7/29/1972,sstandage2o@lycos.com,483-206-8121
98,Rozalie,Issakov,8/10/1976,rissakov2p@xinhuanet.com,734-965-6063
99,Vincent,Mitcham,2/16/1953,vmitcham2q@desdev.cn,481-328-1341
100,Florence,Etridge,10/16/2002,fetridge2r@shop-pro.jp,175-560-8108
101,Lew,Jorg,5/13/1953,ljorg2s@indiegogo.com,365-250-6775
102,Krystle,Hull,8/18/1971,khull2t@bigcartel.com,813-993-1925
103,Gwenni,Tremmel,3/1/1970,gtremmel2u@bloglines.com,839-975-3902
104,Nowell,Orrin,7/26/1932,norrin2v@mapy.cz,698-763-5876
105,Gareth,Spatoni,11/29/1937,gspatoni2w@sphinn.com,225-821-5263
106,Arlen,Corkan,12/20/1918,acorkan2x@cyberchimps.com,896-949-2583
107,Halley,Chern,2/10/1938,hchern2y@washingtonpost.com,822-766-5519
108,Berri,Harsant,11/2/1963,bharsant2z@archive.org,893-460-7362
109,Kristoffer,Garaghan,1/25/1975,kgaraghan30@elegantthemes.com,291-187-3967
110,Manon,Berlin,3/19/1953,mberlin31@arizona.edu,855-926-0573
111,Magdalene,Adaway,1/20/1951,madaway32@nasa.gov,686-752-0961
112,Leontine,Finlow,5/11/1991,lfinlow33@addthis.com,403-653-0001
113,Emmalynne,Gibbin,11/21/1925,egibbin34@nasa.gov,801-736-3820
114,Jessey,Torricella,8/8/1961,jtorricella35@dropbox.com,461-631-3644
115,Hetti,Chittie,2/12/1949,hchittie36@sohu.com,163-584-0155
116,Astrix,Addams,3/25/1970,aaddams37@miitbeian.gov.cn,304-162-5870
117,Ally,Fritche,12/27/1947,afritche38@desdev.cn,889-338-0205
118,Hagen,Conkling,10/27/1913,hconkling39@yellowbook.com,888-264-4857
119,Tobye,Blundan,9/24/2002,tblundan3a@abc.net.au,638-860-9410
120,Camella,O'Lunney,4/30/1987,colunney3b@senate.gov,135-556-4043
121,Malena,Whisker,10/7/1926,mwhisker3c@samsung.com,213-379-2361
122,Tessa,Poate,4/14/1998,tpoate3d@cam.ac.uk,136-145-5906
123,Lezley,Prantoni,4/24/2001,lprantoni3e@wsj.com,382-973-8500
124,Inga,Garnham,7/11/1940,igarnham3f@forbes.com,897-742-5774
125,Ferdinande,Dixey,10/3/1994,fdixey3g@cargocollective.com,473-295-2639
126,Kellina,Summerell,8/4/1957,ksummerell3h@cnbc.com,601-952-2165
127,Hurlee,Bofield,3/31/1929,hbofield3i@nyu.edu,582-625-4581
128,Laural,Glenister,5/19/1913,lglenister3j@163.com,126-827-8518
129,Merrill,Mathet,12/9/1981,mmathet3k@java.com,487-134-7270
130,Colly,Castaner,5/22/2003,ccastaner3l@ning.com,849-781-3314
131,Angel,Sinnie,2/2/1954,asinnie3m@cnet.com,254-679-4105
132,Trina,Gianni,10/7/1959,tgianni3n@mayoclinic.com,259-303-6189
133,Rodge,Crommett,2/5/1924,rcrommett3o@theglobeandmail.com,400-893-3173
134,Cinnamon,Enterle,6/12/1937,centerle3p@wufoo.com,431-468-8592
135,Daryle,Giannasi,9/16/1987,dgiannasi3q@smh.com.au,240-918-4706
136,Juliann,Corwin,11/1/1964,jcorwin3r@marketwatch.com,206-202-8093
137,Lorilyn,Hargreaves,1/13/1982,lhargreaves3s@hud.gov,742-175-6239
138,Georgette,Fassbender,4/30/1998,gfassbender3t@cpanel.net,190-114-1333
139,Lemmie,Wixey,9/7/1950,lwixey3u@digg.com,958-890-9198
140,Lindsey,Gianotti,12/19/1913,lgianotti3v@flavors.me,229-362-6973
141,Daryl,McCurtain,11/15/1924,dmccurtain3w@nhs.uk,434-238-5465
142,Franni,Strain,9/30/1994,fstrain3x@discuz.net,962-278-7651
143,Chrotoem,Filipychev,8/25/1960,cfilipychev3y@imgur.com,381-962-1195
144,Dulcine,Kilmary,12/21/1937,dkilmary3z@engadget.com,767-385-6325
145,Toddie,Pietsma,1/22/1911,tpietsma40@nature.com,311-375-1536
146,Hunter,Keveren,11/12/1919,hkeveren41@usatoday.com,610-634-8710
147,Yoshiko,Thackwray,7/25/1978,ythackwray42@china.com.cn,326-111-9919
148,Roobbie,Jasper,9/19/1964,rjasper43@dion.ne.jp,889-979-3981
149,Cathi,Ridewood,7/17/1992,cridewood44@slashdot.org,188-333-7211
150,Palm,Haughan,5/19/1914,phaughan45@ask.com,658-624-7932
151,Sascha,MacKerley,8/31/1952,smackerley46@scientificamerican.com,113-711-9330
152,Beniamino,Keir,9/26/1936,bkeir47@sun.com,153-122-2933
153,Sargent,Sandland,11/11/1938,ssandland48@pbs.org,400-131-8592
154,Josephine,Swanton,4/2/1960,jswanton49@webs.com,769-156-1422
155,Bethanne,Milsap,8/26/1913,bmilsap4a@eventbrite.com,316-285-2900
156,Kristian,Pescott,1/15/1981,kpescott4b@jalbum.net,531-397-5014
157,Geoffrey,Downgate,12/27/1997,gdowngate4c@ezinearticles.com,980-215-0773
158,Wallache,Wigginton,6/29/1961,wwigginton4d@timesonline.co.uk,285-505-9790
159,Palm,Bowery,10/22/1950,pbowery4e@harvard.edu,729-407-0309
160,Archy,Silverston,5/19/1945,asilverston4f@wiley.com,577-549-9694
161,Amelina,Collingwood,9/26/1923,acollingwood4g@icio.us,916-267-9289
162,Cletis,Pirdy,3/25/1977,cpirdy4h@businessweek.com,978-979-7683
163,Ulrike,Haselup,7/20/1934,uhaselup4i@360.cn,259-195-7086
164,Shaina,Braithwaite,11/8/1973,sbraithwaite4j@vistaprint.com,750-690-3547
165,Sherilyn,Fasse,3/28/1980,sfasse4k@ehow.com,927-470-3876
166,Dorry,Ferrige,1/1/1941,dferrige4l@go.com,989-776-4554
167,Frayda,Rentoll,9/27/1916,frentoll4m@epa.gov,215-579-9214
168,Gloriana,Hacquard,8/17/1921,ghacquard4n@geocities.com,808-252-9539
169,Erny,Reyna,10/4/1919,ereyna4o@usatoday.com,360-291-3980
170,Tomkin,Stavers,9/18/1953,tstavers4p@dailymail.co.uk,467-135-6436
171,Sherri,Greatbach,1/12/1928,sgreatbach4q@yale.edu,905-809-6884
172,Anastasia,Apperley,4/16/1953,aapperley4r@behance.net,815-424-4885
173,Johannes,Warratt,7/20/1948,jwarratt4s@friendfeed.com,447-754-0156
174,Sherri,Gallety,9/28/1974,sgallety4t@usa.gov,325-391-4062
175,Ilene,Vaneev,10/1/1967,ivaneev4u@com.com,493-577-8326
176,Ciro,Gascard,1/21/1913,cgascard4v@nydailynews.com,382-900-5492
177,Celie,Aizikowitz,12/1/1983,caizikowitz4w@pagesperso-orange.fr,740-249-1079
178,Laureen,Hounsom,7/5/1945,lhounsom4x@un.org,166-245-1590
179,Zacharia,Lyddiatt,7/11/1983,zlyddiatt4y@skype.com,218-570-9052
180,Tonnie,Causley,6/16/1982,tcausley4z@wikia.com,965-226-9385
181,Prue,Pennycook,2/21/1974,ppennycook50@fastcompany.com,641-473-4234
182,Janie,Piotrowski,1/15/1970,jpiotrowski51@java.com,113-770-4294
183,Tallou,Sallery,11/17/1991,tsallery52@miibeian.gov.cn,109-738-9662
184,Bobine,Goodsall,6/18/1991,bgoodsall53@smugmug.com,562-413-5829
185,Fredelia,Rolles,2/22/1945,frolles54@statcounter.com,849-559-7429
186,Celestyn,Sturdey,11/29/1995,csturdey55@apple.com,909-738-4095
187,Candra,Gallienne,1/22/1958,cgallienne56@mediafire.com,122-242-9878
188,Rolf,Nowick,9/13/1995,rnowick57@yandex.ru,701-996-6494
189,Roderick,Koppe,4/6/1912,rkoppe58@imageshack.us,611-947-9331
190,Genny,Lawman,9/6/1955,glawman59@nature.com,929-394-1619
191,Flinn,Stilldale,10/6/1998,fstilldale5a@unc.edu,375-931-2403
192,Cherri,Sarton,6/16/1958,csarton5b@hud.gov,496-148-3018
193,Teresa,Haddon,1/10/1937,thaddon5c@shutterfly.com,198-930-8933
194,Winifred,Keune,9/3/1970,wkeune5d@jigsy.com,865-223-2491
195,Don,Tanner,6/28/1954,dtanner5e@nifty.com,752-729-0047
196,Batsheva,Pacey,2/22/1910,bpacey5f@amazon.co.jp,829-196-8047
197,Paulina,Farrell,5/23/1980,pfarrell5g@51.la,826-920-2552
198,Avram,Newlands,3/6/1991,anewlands5h@paypal.com,874-206-2617
199,Ashli,Overbury,7/10/1937,aoverbury5i@wordpress.org,934-228-7008
200,Thurston,Yitzhakov,9/14/1957,tyitzhakov5j@themeforest.net,732-526-5268
201,Donnie,Bastard,10/11/1919,dbastard5k@hexun.com,305-357-2815
202,Riane,Wilkison,4/14/1969,rwilkison5l@smh.com.au,834-830-4803
203,Annie,Chopping,7/23/1986,achopping5m@sitemeter.com,177-892-5060
204,Meg,Ghirardi,2/13/1932,mghirardi5n@sciencedaily.com,166-883-7922
205,Bobbette,Jacobssen,5/7/1970,bjacobssen5o@slashdot.org,158-685-0438
206,Julian,Sizland,9/15/1938,jsizland5p@sciencedaily.com,538-272-3761
207,Ilaire,Molohan,2/22/1928,imolohan5q@comsenz.com,411-786-5787
208,Jonah,Brigginshaw,5/28/1966,jbrigginshaw5r@oakley.com,119-600-0729
209,Rosaleen,Stoffler,12/26/1980,rstoffler5s@va.gov,401-617-3121
210,Janos,Leddy,8/22/1910,jleddy5t@lulu.com,778-656-2088
211,Osborn,Ballchin,1/20/1915,oballchin5u@fc2.com,797-832-9211
212,Raquel,Button,12/4/1930,rbutton5v@gnu.org,304-802-4896
213,Arther,Hannaway,5/20/1991,ahannaway5w@freewebs.com,266-920-1318
214,Ellerey,Callam,10/19/1963,ecallam5x@google.it,944-354-9511
215,Roch,Tetford,6/22/1968,rtetford5y@hp.com,590-342-3297
216,Robinetta,Munford,8/24/1929,rmunford5z@slashdot.org,838-835-8512
217,Caitrin,MacCallister,2/9/1930,cmaccallister60@eventbrite.com,292-637-7305
218,Jeremiah,Morewood,2/2/1949,jmorewood61@sourceforge.net,997-746-7992
219,Michelle,Blazynski,2/17/1920,mblazynski62@virginia.edu,888-852-0875
220,Cirilo,Ludgate,12/15/1939,cludgate63@prnewswire.com,322-614-3597
221,Gordy,Favelle,6/16/1942,gfavelle64@cloudflare.com,405-757-3710
222,Correy,Rydeard,1/17/1996,crydeard65@fema.gov,253-671-6125
223,Nadine,Witt,9/16/1995,nwitt66@go.com,799-355-6958
224,Mallissa,Von Oertzen,6/22/1962,mvonoertzen67@vimeo.com,718-102-2560
225,Charis,Beretta,7/23/1970,cberetta68@opera.com,700-202-1136
226,Lura,Piatto,3/20/1922,lpiatto69@apple.com,446-561-5668
227,Marcellus,Garnar,9/10/1921,mgarnar6a@prweb.com,749-316-1985
228,Reyna,Bettleson,4/19/1929,rbettleson6b@independent.co.uk,562-434-9532
229,Octavia,Lownie,2/22/1989,olownie6c@diigo.com,238-781-1286
230,Mano,Gillson,5/15/1934,mgillson6d@hostgator.com,738-413-5118
231,Iver,Vennard,3/25/1935,ivennard6e@baidu.com,277-266-1732
232,Darcie,Mourton,1/30/1971,dmourton6f@ft.com,346-839-7924
233,Nichole,Linton,11/29/1915,nlinton6g@webeden.co.uk,476-695-7531
234,Alric,Doone,11/7/1993,adoone6h@sohu.com,422-753-4108
235,Georgianne,Yurtsev,2/16/1982,gyurtsev6i@cpanel.net,651-525-1508
236,Adore,Brisset,4/1/1989,abrisset6j@oracle.com,328-872-2497
237,Linell,Paule,11/4/1949,lpaule6k@salon.com,157-845-7531
238,Alasdair,Gawen,10/19/1994,agawen6l@senate.gov,688-628-5751
239,Alden,Uccelli,7/5/1942,auccelli6m@bing.com,743-275-1365
240,Christiane,Meineken,3/31/1955,cmeineken6n@hhs.gov,110-317-1900
241,Aristotle,Peacocke,6/22/1968,apeacocke6o@trellian.com,510-366-1134
242,Beryle,Rozzell,2/14/1943,brozzell6p@yahoo.co.jp,925-659-0502
243,Perkin,Norker,1/11/1961,pnorker6q@aol.com,449-425-4262
244,Gerry,Greer,2/12/1996,ggreer6r@bandcamp.com,749-719-2333
245,Clemente,Bladen,11/25/1948,cbladen6s@chronoengine.com,563-482-2987
246,Marcile,Walkowski,5/31/1934,mwalkowski6t@woothemes.com,273-155-0590
247,Modesty,MacAlister,10/21/1990,mmacalister6u@cmu.edu,965-599-7292
248,Lucine,Fiander,5/19/1949,lfiander6v@meetup.com,331-102-1871
249,Collen,Micka,4/8/2004,cmicka6w@over-blog.com,853-973-9056
250,Vergil,Edelheid,3/27/1914,vedelheid6x@mac.com,131-844-1669
251,Bernardo,Kingswood,5/15/1979,bkingswood6y@tripod.com,946-673-7942
252,Marguerite,Hickford,9/28/1981,mhickford6z@blogs.com,537-284-0058
253,Ali,Harbin,12/12/1969,aharbin70@noaa.gov,537-750-7346
254,Briggs,Voas,3/13/1960,bvoas71@pbs.org,185-939-9686
255,Luther,Stanes,10/5/1915,lstanes72@epa.gov,320-818-3997
256,Ludovico,Sowman,4/15/1932,lsowman73@cargocollective.com,433-480-0748
257,Thea,Bock,1/14/1967,tbock74@fda.gov,571-863-6484
258,Matthias,Fothergill,3/29/1980,mfothergill75@mapquest.com,682-648-2841
259,Gerrie,Belbin,4/10/1962,gbelbin76@cnbc.com,270-801-5618
260,Viki,Carney,4/4/1942,vcarney77@amazon.de,957-928-2462
261,Kassia,Rabbe,3/19/1995,krabbe78@sphinn.com,615-820-8491
262,Rakel,Longbottom,9/28/1933,rlongbottom79@oakley.com,741-954-5563
263,Hillel,Timberlake,6/7/1951,htimberlake7a@1688.com,642-547-9461
264,Gerek,Jannequin,2/11/1963,gjannequin7b@blogtalkradio.com,143-645-8894
265,Jesselyn,Charrier,4/14/1957,jcharrier7c@dyndns.org,879-116-2988
266,Fanchon,Baldocci,12/29/1981,fbaldocci7d@dot.gov,301-440-6497
267,Joye,Wasselin,6/22/1996,jwasselin7e@nifty.com,401-127-6653
268,Jdavie,Ridding,7/25/1956,jridding7f@gnu.org,245-709-8275
269,Corty,Scoggan,3/22/1933,cscoggan7g@example.com,443-644-9801
270,Leoline,Bursnall,7/24/1999,lbursnall7h@cornell.edu,974-187-2741
271,Shepperd,Cumberland,6/27/1958,scumberland7i@lycos.com,554-787-7489
272,Stuart,Sympson,4/20/1980,ssympson7j@creativecommons.org,406-497-5929
273,Noelani,Berney,9/12/1971,nberney7k@marriott.com,597-856-3776
274,Lucila,Fulmen,8/6/1942,lfulmen7l@nydailynews.com,812-134-7187
275,Walt,Holson,4/30/1994,wholson7m@loc.gov,693-127-4051
276,Reece,Mathivat,11/5/1972,rmathivat7n@uol.com.br,286-639-2799
277,Marga,Farnie,5/12/1936,mfarnie7o@va.gov,228-998-5860
278,Welbie,Abbyss,7/8/1945,wabbyss7p@free.fr,783-301-3450
279,Augie,Higginbottam,9/11/1990,ahigginbottam7q@lulu.com,809-296-5744
280,Leland,Dunston,2/21/1944,ldunston7r@barnesandnoble.com,248-106-6541
281,Jed,Danter,8/1/1981,jdanter7s@bravesites.com,813-338-5457
282,Bert,Thunnercliff,7/20/1951,bthunnercliff7t@joomla.org,874-859-4836
283,Felice,Coyett,10/12/1997,fcoyett7u@wunderground.com,992-740-1451
284,Hermie,Cowburn,8/14/1995,hcowburn7v@yellowpages.com,833-908-7035
285,Inger,Petren,12/13/1945,ipetren7w@illinois.edu,457-954-5317
286,Anselm,Darton,6/9/1980,adarton7x@pen.io,159-307-2082
287,Alberik,Braidman,4/11/1966,abraidman7y@rakuten.co.jp,842-903-2020
288,Peggy,Gaiford,1/20/2001,pgaiford7z@msn.com,187-997-6084
289,Lawry,Merrien,11/24/1980,lmerrien80@themeforest.net,580-464-1697
290,Krystal,Althrop,12/28/1922,kalthrop81@mapy.cz,912-773-5612
291,Luciana,Cartmell,9/25/1955,lcartmell82@1688.com,199-319-0159
292,Candie,MacNockater,3/13/1912,cmacnockater83@free.fr,673-198-7306
293,Celina,Torns,12/18/1970,ctorns84@accuweather.com,333-671-4977
294,Tom,Jaquin,2/13/1935,tjaquin85@sbwire.com,449-752-0068
295,Gaylor,McCully,8/11/1980,gmccully86@comsenz.com,314-537-0859
296,Gard,Khoter,5/15/1978,gkhoter87@hud.gov,234-812-7747
297,Tadeo,Skottle,12/17/1983,tskottle88@opensource.org,304-927-2973
298,Rolf,McKinna,11/22/1946,rmckinna89@uiuc.edu,287-161-2596
299,Rockie,Terris,1/6/1995,rterris8a@theatlantic.com,519-883-8345
300,Korney,Moorwood,5/17/1946,kmoorwood8b@joomla.org,669-410-1112
301,Cornelius,Reolfo,5/9/1996,creolfo8c@epa.gov,971-937-5190
302,Arleen,MacDearmaid,12/24/1999,amacdearmaid8d@java.com,140-162-4199
303,Alika,Ridgedell,1/30/1951,aridgedell8e@businesswire.com,204-570-3688
304,Teresa,Coyish,11/6/1914,tcoyish8f@exblog.jp,929-757-0640
305,Rona,Knivett,1/24/1994,rknivett8g@domainmarket.com,429-847-6398
306,Dwayne,Arger,6/10/1970,darger8h@biblegateway.com,755-562-2197
307,Adelaida,Leonardi,11/9/1925,aleonardi8i@devhub.com,302-896-6320
308,Rubin,Mixter,1/9/2003,rmixter8j@com.com,220-175-9705
309,Adiana,Worsnop,1/25/1998,aworsnop8k@soup.io,212-657-2293
310,Ahmed,Oldaker,6/27/1927,aoldaker8l@washingtonpost.com,249-751-7296
311,Constantine,Hryskiewicz,2/26/1998,chryskiewicz8m@deliciousdays.com,829-514-8675
312,Melisande,Lyddiatt,1/17/1925,mlyddiatt8n@dailymotion.com,511-346-7509
313,Rawley,Floodgate,8/7/1987,rfloodgate8o@berkeley.edu,984-402-7113
314,Carola,Trebilcock,6/14/1951,ctrebilcock8p@qq.com,178-327-7002
315,Mirna,Ivantsov,12/19/1925,mivantsov8q@edublogs.org,366-350-6048
316,Esteban,Mepham,2/28/1933,emepham8r@moonfruit.com,787-306-7168
317,Gearalt,Busen,10/17/1950,gbusen8s@goo.ne.jp,120-400-7111
318,Halie,Sodeau,1/30/1949,hsodeau8t@ebay.co.uk,475-669-0770
319,Federica,McCobb,3/8/1981,fmccobb8u@elpais.com,270-645-5632
320,Doti,Ranaghan,9/21/1993,dranaghan8v@springer.com,574-984-7581
321,Benedicto,Hullock,4/8/1993,bhullock8w@pcworld.com,863-771-1652
322,Nicolai,Prott,12/1/1917,nprott8x@sciencedaily.com,851-844-3320
323,Crystal,Gonnelly,12/24/1974,cgonnelly8y@wordpress.org,677-240-7920
324,Alisun,Durrett,11/19/1983,adurrett8z@hatena.ne.jp,749-324-8905
325,Liesa,Litherborough,8/6/1950,llitherborough90@ow.ly,623-486-9402
326,Murray,Deal,7/29/1958,mdeal91@hostgator.com,862-547-5636
327,Archy,Entwhistle,1/24/1983,aentwhistle92@tinyurl.com,787-756-5804
328,Babbette,Treacher,7/5/1934,btreacher93@columbia.edu,551-749-0544
329,Marc,Frantzeni,10/8/1921,mfrantzeni94@tripod.com,107-918-5525
330,Armin,Horsell,4/13/1966,ahorsell95@is.gd,487-945-7982
331,Elna,Hourihane,6/12/1996,ehourihane96@canalblog.com,819-407-9614
332,Morgen,Vlies,5/7/1964,mvlies97@surveymonkey.com,930-934-0115
333,Maire,Shilladay,6/28/1978,mshilladay98@theatlantic.com,576-960-4593
334,Nonnah,Coopper,2/4/1979,ncoopper99@cbc.ca,766-536-7165
335,Kylie,Setchell,7/10/2002,ksetchell9a@i2i.jp,234-179-7994
336,Libbie,Pardew,7/7/2001,lpardew9b@newsvine.com,440-759-8316
337,Querida,Hunt,8/10/1919,qhunt9c@un.org,679-818-9903
338,Chris,Creelman,1/6/1917,ccreelman9d@usatoday.com,190-211-4281
339,Olympia,Jablonski,10/4/1945,ojablonski9e@creativecommons.org,403-778-8982
340,Tania,Stirgess,7/8/1914,tstirgess9f@springer.com,160-726-0395
341,Gregor,Leckenby,1/15/1947,gleckenby9g@pagesperso-orange.fr,625-471-6329
342,Dan,Wearne,9/6/1965,dwearne9h@nymag.com,997-959-9212
343,Phyllis,Hullett,12/5/1966,phullett9i@youtu.be,708-692-9872
344,Joana,Grunder,9/7/1995,jgrunder9j@w3.org,588-715-6281
345,Shadow,Liddiard,11/15/1939,sliddiard9k@nationalgeographic.com,501-599-4992
346,Riva,Shinn,10/8/1935,rshinn9l@deliciousdays.com,367-772-1189
347,Ashlen,Cambell,2/22/1946,acambell9m@furl.net,185-965-3130
348,Aggie,Broom,2/2/1935,abroom9n@gravatar.com,206-769-4237
349,Morena,Boughton,9/19/1995,mboughton9o@alibaba.com,642-487-1577
350,Alonso,Keling,12/8/1983,akeling9p@nature.com,750-914-8303
351,Taryn,Arpe,2/6/1924,tarpe9q@domainmarket.com,698-432-8285
352,Granger,Rouch,9/27/1963,grouch9r@google.it,284-464-9088
353,Lynn,Lornsen,5/6/1935,llornsen9s@nature.com,111-301-3890
354,Basile,Broomhall,11/7/1947,bbroomhall9t@posterous.com,691-587-8711
355,Gauthier,Covill,4/22/1920,gcovill9u@dmoz.org,252-275-3712
356,Gertrude,Chattock,11/22/1995,gchattock9v@geocities.com,783-736-1789
357,Bud,Kilshaw,7/11/1978,bkilshaw9w@umn.edu,810-798-3402
358,Megen,Knotton,7/13/1983,mknotton9x@yahoo.com,655-938-4947
359,Rawley,Jacobsen,10/19/1936,rjacobsen9y@hostgator.com,368-963-9167
360,Daffie,Foy,3/5/1964,dfoy9z@istockphoto.com,176-276-0549
361,Wilmer,Cund,2/19/1986,wcunda0@google.it,686-341-1643
362,Isacco,Dover,8/11/1990,idovera1@icio.us,679-397-7225
363,Lana,Pawelke,7/21/1981,lpawelkea2@oakley.com,533-269-3325
364,Saloma,Mostyn,7/24/1977,smostyna3@ucsd.edu,307-181-5303
365,Electra,Soame,8/29/1952,esoamea4@census.gov,251-726-7862
366,Blondell,Lead,4/3/1930,bleada5@elpais.com,974-268-8610
367,Myrtie,MacKintosh,3/16/1976,mmackintosha6@merriam-webster.com,649-307-3908
368,Bent,Cheng,6/17/1974,bchenga7@hhs.gov,207-966-1873
369,Leslie,Spottiswood,1/3/1996,lspottiswooda8@yelp.com,704-618-2177
370,Sanderson,Sterke,7/5/1998,ssterkea9@cornell.edu,937-212-6250
371,Moina,Thurber,3/2/1950,mthurberaa@cloudflare.com,990-117-8174
372,Misha,Grieveson,5/3/1933,mgrievesonab@vinaora.com,167-365-6067
373,Rosette,Flintoft,6/17/1923,rflintoftac@va.gov,508-693-6669
374,Stanleigh,Maundrell,8/6/1942,smaundrellad@latimes.com,691-320-8021
375,Fredericka,Sperring,12/3/1921,fsperringae@purevolume.com,112-377-1919
376,Gusty,Mulqueen,10/2/1969,gmulqueenaf@trellian.com,175-893-9741
377,Bran,Tudbald,7/9/1923,btudbaldag@hugedomains.com,240-483-1105
378,Haroun,Lightbourn,2/3/1964,hlightbournah@tripadvisor.com,589-160-9236
379,Josephine,Guirau,8/31/1912,jguirauai@apple.com,996-241-7735
380,Lucius,Dover,10/30/1969,ldoveraj@over-blog.com,118-697-3369
381,Lars,MacEveley,4/29/1951,lmaceveleyak@facebook.com,137-943-7021
382,Constancia,Archbutt,3/1/1935,carchbuttal@scribd.com,252-989-5240
383,Franny,Lomasny,1/5/1981,flomasnyam@wired.com,650-464-7910
384,Henrik,Everson,4/4/1965,heversonan@jugem.jp,318-558-3154
385,Rustin,Turford,2/6/1958,rturfordao@google.nl,680-272-1486
386,Brendin,O'Scanlan,7/5/1998,boscanlanap@google.com.hk,236-774-5353
387,Charo,McDavitt,6/30/1999,cmcdavittaq@google.ru,661-284-4176
388,Bobbie,Roj,4/17/1967,brojar@apple.com,254-859-9767
389,Somerset,Gregorace,11/23/1915,sgregoraceas@taobao.com,705-971-4855
390,Lief,Hainey,12/18/1925,lhaineyat@dyndns.org,894-126-6697
391,Maryjane,Langworthy,8/23/1964,mlangworthyau@tripadvisor.com,944-644-4647
392,Marcelle,Dee,1/21/1982,mdeeav@last.fm,116-990-0912
393,Ambrosio,Crucetti,11/6/1977,acrucettiaw@foxnews.com,860-975-2682
394,Tobe,Found,10/17/1960,tfoundax@free.fr,915-583-8563
395,Chadwick,Shearme,8/24/1979,cshearmeay@narod.ru,288-479-4770
396,Lucais,Withers,3/28/1947,lwithersaz@youtube.com,500-162-9222
397,Kasey,Coleyshaw,9/14/1945,kcoleyshawb0@wordpress.com,560-698-2308
398,Janis,Braundt,12/18/1921,jbraundtb1@eventbrite.com,885-256-7433
399,Winifred,Aronov,6/29/1915,waronovb2@bandcamp.com,217-530-7503
400,Dolley,Blanshard,11/25/1929,dblanshardb3@examiner.com,798-523-8830
401,Udall,Harrop,4/22/2001,uharropb4@mit.edu,758-122-9357
402,Brannon,Sealy,3/10/1999,bsealyb5@unicef.org,199-213-4132
403,Koralle,Wollard,5/27/1953,kwollardb6@yahoo.co.jp,780-659-6611
404,Doria,Lamborn,12/30/1994,dlambornb7@alexa.com,902-196-7388
405,Lou,Tokley,9/28/1963,ltokleyb8@wordpress.org,156-807-6549
406,Lemuel,Coupar,8/28/1967,lcouparb9@fc2.com,372-293-8328
407,Warde,Le Brom,1/8/1911,wlebromba@npr.org,532-181-8450
408,Barn,Van Brug,3/22/1911,bvanbrugbb@joomla.org,761-626-0460
409,Dionisio,Tuckey,5/17/1965,dtuckeybc@ameblo.jp,268-328-2818
410,Bert,Budgey,7/21/1928,bbudgeybd@xrea.com,162-877-2636
411,Bernarr,Jovicevic,6/21/1993,bjovicevicbe@stanford.edu,310-213-1644
412,Coretta,Sutch,2/13/1979,csutchbf@cnbc.com,439-794-6250
413,Osbert,Skedgell,1/31/1976,oskedgellbg@redcross.org,987-117-9400
414,William,Leggett,3/3/1991,wleggettbh@nydailynews.com,831-201-1996
415,Ermina,Stanbury,3/2/1955,estanburybi@cocolog-nifty.com,664-561-5912
416,Katusha,Jolliss,7/3/1958,kjollissbj@mashable.com,393-515-4576
417,Claude,Stranahan,10/30/1931,cstranahanbk@addtoany.com,768-514-3072
418,Karen,Moxson,9/30/1982,kmoxsonbl@drupal.org,161-660-0882
419,Jasmina,Abba,1/30/1916,jabbabm@mit.edu,233-943-7591
420,Bastien,Lankham,10/25/1916,blankhambn@xrea.com,507-582-5887
421,Herve,Clubbe,6/12/1942,hclubbebo@live.com,613-520-5450
422,Tucker,Matteris,2/27/1928,tmatterisbp@census.gov,967-301-2232
423,Rasia,Wittey,5/14/1928,rwitteybq@ibm.com,663-123-1058
424,Saundra,Pock,1/1/1939,spockbr@wordpress.org,819-832-3337
425,Rickie,Zapata,5/12/1928,rzapatabs@tuttocitta.it,220-782-7469
426,Aurie,Scotford,3/25/1984,ascotfordbt@youtube.com,560-369-7201
427,Ava,Dufer,9/24/1954,aduferbu@engadget.com,412-506-8748
428,Iseabal,Masarrat,7/4/1974,imasarratbv@pinterest.com,221-408-1749
429,Jedediah,Dalby,7/3/2003,jdalbybw@bravesites.com,439-558-4431
430,Taffy,Rozenbaum,1/15/1914,trozenbaumbx@elegantthemes.com,375-260-4310
431,Ole,Greber,4/30/1928,ogreberby@blogger.com,489-912-7011
432,Dosi,Ubsdale,5/10/1919,dubsdalebz@alibaba.com,946-358-7125
433,Janis,Hallgath,7/10/1983,jhallgathc0@behance.net,389-293-0537
434,Ingelbert,Redgewell,4/18/1979,iredgewellc1@bandcamp.com,821-259-1199
435,Rahel,Brideaux,9/4/1935,rbrideauxc2@hhs.gov,555-439-4623
436,Salvatore,Stinson,12/25/1959,sstinsonc3@apache.org,971-744-6714
437,Michale,Havard,12/11/1910,mhavardc4@oaic.gov.au,636-497-2451
438,Darbee,Goldingay,2/7/2004,dgoldingayc5@wisc.edu,648-407-5141
439,Blinny,Korous,7/5/1961,bkorousc6@csmonitor.com,267-476-7110
440,Kennett,Tomalin,3/10/1993,ktomalinc7@answers.com,769-732-2276
441,Manuel,Ortell,4/15/1995,mortellc8@npr.org,662-746-9565
442,Raven,Noddles,12/18/1911,rnoddlesc9@chron.com,299-819-6747
443,Xaviera,O'Driscole,8/25/1923,xodriscoleca@feedburner.com,928-404-2508
444,Butch,Habben,2/1/1927,bhabbencb@twitter.com,624-691-2409
445,Lucina,Yaxley,8/1/1965,lyaxleycc@apache.org,118-266-7198
446,Hillary,Wilbore,4/12/1989,hwilborecd@businessinsider.com,319-621-7933
447,Sergeant,Barnsdall,11/26/1946,sbarnsdallce@census.gov,974-474-1225
448,Louella,Kunzler,1/17/1925,lkunzlercf@weibo.com,618-859-0650
449,Blancha,Findlater,1/31/1962,bfindlatercg@amazon.co.uk,882-921-9152
450,Heath,Chimenti,7/8/1973,hchimentich@va.gov,334-567-2085
451,Annamaria,O'Hearn,6/4/1952,aohearnci@walmart.com,341-365-0725
452,Hillyer,Kunes,2/18/1970,hkunescj@howstuffworks.com,742-466-8682
453,Wallas,Revely,5/15/1945,wrevelyck@google.com.br,978-569-5202
454,Leonerd,Bensusan,7/11/1961,lbensusancl@spiegel.de,593-862-0529
455,Leeann,Chopy,4/22/1946,lchopycm@omniture.com,619-456-2083
456,Alyce,Norrington,11/11/1972,anorringtoncn@elegantthemes.com,720-203-2192
457,Vaughn,Gready,4/26/1913,vgreadyco@thetimes.co.uk,984-804-8523
458,Nonie,Willas,12/23/1947,nwillascp@shop-pro.jp,346-463-5375
459,Rodolph,Reah,4/12/1929,rreahcq@economist.com,897-392-8900
460,Berget,Long,9/24/1958,blongcr@slashdot.org,733-976-1989
461,Felice,Crawford,2/25/1954,fcrawfordcs@prlog.org,187-521-5148
462,Royce,Galilee,4/30/1911,rgalileect@comcast.net,813-966-2660
463,Pippo,Matskevich,5/17/1988,pmatskevichcu@cmu.edu,784-298-4913
464,Silva,Kennler,11/13/1991,skennlercv@wufoo.com,426-648-8440
465,Kiri,Humble,9/1/1991,khumblecw@facebook.com,789-159-9969
466,Osbert,Northridge,11/5/1915,onorthridgecx@amazon.co.jp,940-906-0892
467,Adrien,Craig,3/27/1934,acraigcy@stanford.edu,368-513-5770
468,Cointon,MacNeachtain,11/15/1989,cmacneachtaincz@vimeo.com,915-364-2598
469,Christan,Acres,1/10/1977,cacresd0@ed.gov,362-598-3774
470,Jacobo,Dunniom,5/30/1926,jdunniomd1@foxnews.com,498-170-8181
471,Adorne,Gilby,1/25/1939,agilbyd2@stanford.edu,408-910-7061
472,Gillan,Streatfeild,6/13/1972,gstreatfeildd3@dmoz.org,380-460-2054
473,Sherlock,Raw,10/2/1977,srawd4@guardian.co.uk,265-491-7187
474,Milt,O'Doohaine,3/16/1958,modoohained5@globo.com,296-489-9239
475,Temp,Berriball,9/18/1966,tberriballd6@photobucket.com,912-206-2318
476,Beulah,Malenoir,1/5/1954,bmalenoird7@com.com,223-565-1861
477,Rodger,Tight,7/31/1992,rtightd8@delicious.com,812-343-3224
478,Maxwell,Giraudou,4/15/1982,mgiraudoud9@opensource.org,701-278-4483
479,Donni,Etridge,12/14/1942,detridgeda@amazonaws.com,284-560-7279
480,Melisenda,Emblin,8/6/1997,memblindb@furl.net,190-271-1752
481,Rey,Scaddon,4/23/1947,rscaddondc@edublogs.org,543-146-7965
482,Patrizius,Hartin,1/10/1936,phartindd@utexas.edu,230-131-9057
483,Rheta,Northway,9/3/1927,rnorthwayde@fema.gov,247-724-4685
484,Sela,Stickels,5/27/1980,sstickelsdf@go.com,794-756-3925
485,Ibrahim,Callander,6/26/1939,icallanderdg@rambler.ru,900-114-7803
486,Ryun,Biskupek,12/31/1935,rbiskupekdh@shutterfly.com,366-938-7817
487,Nicolea,Beart,4/22/1950,nbeartdi@tuttocitta.it,820-655-6594
488,Kevina,Shervil,1/15/1957,kshervildj@zimbio.com,577-802-5924
489,Orlan,Polle,10/19/1994,opolledk@slate.com,625-797-0536
490,Miner,Nono,7/23/1970,mnonodl@trellian.com,762-708-2844
491,Rosco,Ballach,5/28/1996,rballachdm@springer.com,627-714-8258
492,Billie,Jacketts,1/13/1989,bjackettsdn@telegraph.co.uk,598-699-2820
493,Lilla,Wannan,6/17/1954,lwannando@angelfire.com,425-567-9866
494,Carma,Heyns,4/28/1923,cheynsdp@cisco.com,777-975-2511
495,Irma,Kier,2/15/1945,ikierdq@un.org,858-971-4343
496,Zia,Moxham,8/26/1947,zmoxhamdr@ycombinator.com,363-778-6315
497,Vidovik,Dumini,6/5/1967,vduminids@telegraph.co.uk,513-356-0145
498,Johnathon,Ellery,12/22/1999,jellerydt@typepad.com,264-418-2112
499,Clint,Paget,7/1/1963,cpagetdu@desdev.cn,623-593-4388
500,Bing,Enticknap,11/3/1922,benticknapdv@ask.com,435-861-6485
501,Sherwin,Solon,10/16/1979,ssolondw@harvard.edu,291-614-5466
502,Larissa,Livings,5/28/1945,llivingsdx@bing.com,741-519-8433
503,Audry,Rhymer,4/1/1952,arhymerdy@odnoklassniki.ru,775-400-0095
504,Nickie,Kilminster,6/19/1916,nkilminsterdz@ustream.tv,772-996-2263
505,Michell,Drinkwater,6/18/1977,mdrinkwatere0@mozilla.org,150-526-0479
506,Bennett,Goddman,12/5/2002,bgoddmane1@ucoz.com,716-890-0110
507,Hew,Lettley,10/20/1928,hlettleye2@smh.com.au,585-203-9344
508,Niels,Saunder,10/23/1960,nsaundere3@t.co,702-234-9979
509,Kaiser,Minichi,2/11/1967,kminichie4@hao123.com,326-424-0557
510,Channa,Sarre,1/2/1929,csarree5@topsy.com,312-943-3675
511,Cherrita,Kobisch,8/3/1918,ckobische6@moonfruit.com,999-844-0565
512,Jorge,Brenston,10/30/1922,jbrenstone7@homestead.com,469-734-7245
513,Yvonne,Leythley,9/20/1991,yleythleye8@wix.com,413-150-5768
514,Mame,Sheard,11/15/1991,mshearde9@ucsd.edu,890-360-0468
515,Viole,Deny,2/23/1974,vdenyea@cnet.com,875-627-6895
516,Geralda,Hatch,12/18/1943,ghatcheb@webs.com,849-923-6632
517,Coleman,Broyd,9/4/1957,cbroydec@soup.io,389-354-2043
518,Sylas,Faulkener,12/16/1945,sfaulkenered@deliciousdays.com,834-156-4278
519,Xena,Scudders,6/21/1957,xscuddersee@ibm.com,972-768-9849
520,Jody,Devigne,6/15/1999,jdevigneef@goo.gl,216-148-5361
521,Norris,Kowalski,7/17/1988,nkowalskieg@parallels.com,913-461-5357
522,Drake,Roggerone,9/14/1930,droggeroneeh@odnoklassniki.ru,511-452-0081
523,Brit,Proughten,3/11/1910,bproughtenei@salon.com,443-316-5249
524,Betsey,Becks,4/9/1943,bbecksej@oracle.com,413-831-8292
525,Clotilda,Hurkett,11/3/1956,churkettek@github.com,183-806-9790
526,Stanford,Ducaen,8/1/1937,sducaenel@printfriendly.com,497-693-9745
527,Clyde,Hussey,12/10/1986,chusseyem@naver.com,129-560-4420
528,Sarina,Andrzejak,7/27/1973,sandrzejaken@ucoz.ru,430-837-4601
529,Jody,Phillipson,10/14/1952,jphillipsoneo@unicef.org,801-185-8805
530,Moshe,Wheelan,12/25/1963,mwheelanep@weebly.com,220-219-3156
531,Gaylord,Dzeniskevich,7/11/1912,gdzeniskevicheq@goo.ne.jp,920-833-6962
532,Opalina,Silverston,4/13/1926,osilverstoner@arizona.edu,114-930-9572
533,Danita,Itzkowicz,3/23/1942,ditzkowiczes@samsung.com,647-652-4143
534,Winonah,Stonehewer,8/6/1964,wstoneheweret@bravesites.com,300-366-2217
535,Ethelred,Gravet,8/10/1919,egraveteu@cnn.com,970-984-4956
536,Pammie,Ferrige,5/1/1933,pferrigeev@dailymail.co.uk,371-546-4414
537,Angelina,MacKeague,4/11/1925,amackeagueew@google.co.uk,207-708-9352
538,Cristiano,Niccols,12/6/1932,cniccolsex@youtube.com,530-774-6198
539,Josephina,Gerant,6/21/1960,jgerantey@bluehost.com,440-425-9451
540,Emery,Vernazza,3/10/1951,evernazzaez@army.mil,717-614-8239
541,Sue,Dedden,11/30/1984,sdeddenf0@purevolume.com,449-947-4104
542,Jorry,Giraudat,1/4/1932,jgiraudatf1@wiley.com,204-823-6293
543,Andrea,Gerritsma,8/10/1954,agerritsmaf2@java.com,585-474-7350
544,Jess,Peteri,3/30/2000,jpeterif3@gizmodo.com,857-621-7270
545,Cordie,Sheddan,7/5/1934,csheddanf4@t-online.de,490-254-9349
546,Damon,Sweetsur,6/7/1997,dsweetsurf5@wunderground.com,743-347-5632
547,Jacques,Le Estut,5/21/1992,jleestutf6@mail.ru,719-415-7666
548,Daniel,MacComiskey,6/26/1994,dmaccomiskeyf7@about.com,948-974-4803
549,Traci,Beel,9/24/1947,tbeelf8@quantcast.com,850-190-7610
550,Clare,Danzelman,1/27/1960,cdanzelmanf9@dyndns.org,540-783-1938
551,Danice,Downton,8/14/1930,ddowntonfa@hp.com,896-221-6983
552,Sybyl,Nanuccioi,12/20/1979,snanuccioifb@hc360.com,541-540-7413
553,Julieta,Roze,1/4/1919,jrozefc@rambler.ru,207-196-9775
554,Bernelle,Oty,8/21/1997,botyfd@edublogs.org,441-315-7315
555,Jeni,Radolf,11/30/1911,jradolffe@ebay.co.uk,877-523-6602
556,Jay,Lamb-shine,12/28/1976,jlambshineff@cbsnews.com,762-869-8246
557,Jany,Fawlks,8/3/1959,jfawlksfg@answers.com,917-997-5580
558,Corbin,Orknay,6/4/1947,corknayfh@aboutads.info,803-535-7041
559,Brunhilda,Lake,8/20/1910,blakefi@techcrunch.com,603-240-8086
560,Javier,Henrot,1/1/1984,jhenrotfj@mayoclinic.com,196-154-9589
561,Amalita,Skrzynski,4/2/1928,askrzynskifk@prweb.com,691-144-2485
562,Abey,Koomar,12/11/1916,akoomarfl@wufoo.com,712-275-1888
563,Mervin,Canto,4/28/1987,mcantofm@yelp.com,331-696-2279
564,Giacinta,Marthen,10/3/1984,gmarthenfn@go.com,315-533-1763
565,Leontyne,Fieldsend,1/19/1937,lfieldsendfo@hp.com,408-545-2459
566,Ezechiel,Fawlo,7/4/1929,efawlofp@cocolog-nifty.com,754-923-0605
567,Glori,Cheers,4/21/2004,gcheersfq@drupal.org,229-743-3813
568,Marjory,Bartoszek,7/31/1935,mbartoszekfr@mapy.cz,978-890-3640
569,Auria,Mowson,10/10/1993,amowsonfs@cocolog-nifty.com,131-752-1714
570,Archaimbaud,Tiplady,7/24/1917,atipladyft@kickstarter.com,954-912-8432
571,Elston,Geerling,10/13/1921,egeerlingfu@virginia.edu,106-607-6245
572,Casi,Karpe,4/9/1991,ckarpefv@wufoo.com,430-531-8436
573,Vanny,Lorentz,3/30/2004,vlorentzfw@sitemeter.com,712-353-3111
574,Karlotte,Woliter,10/12/1985,kwoliterfx@dagondesign.com,472-651-9513
575,Igor,Boak,6/26/1943,iboakfy@wikipedia.org,304-307-3035
576,Matteo,Shipley,9/18/1981,mshipleyfz@shinystat.com,321-852-1440
577,Hillyer,Mebs,12/29/1935,hmebsg0@addthis.com,135-199-0827
578,Pembroke,Bunce,4/11/1970,pbunceg1@upenn.edu,331-730-1022
579,Gayla,Savage,9/7/1919,gsavageg2@seesaa.net,683-629-6719
580,Trey,Ferrier,8/12/1928,tferrierg3@themeforest.net,537-839-1050
581,Skyler,Liddyard,10/8/1990,sliddyardg4@pcworld.com,127-126-4922
582,Cyb,Busch,7/19/1938,cbuschg5@cdc.gov,251-665-9925
583,Lexi,Aikett,9/16/1939,laikettg6@psu.edu,419-921-6622
584,Katuscha,Ellingsworth,4/26/1988,kellingsworthg7@sohu.com,660-499-6990
585,Caril,Buttler,2/1/1944,cbuttlerg8@wunderground.com,794-721-5267
586,Nikolai,Pickless,9/2/1970,npicklessg9@alexa.com,412-939-5449
587,Cthrine,Heal,11/22/1949,chealga@ft.com,673-344-6744
588,Kimmi,McLagan,10/22/1944,kmclagangb@tripadvisor.com,131-704-1834
589,Darryl,Cattermole,10/14/1993,dcattermolegc@usatoday.com,383-296-4366
590,Odelle,Buggs,11/23/1956,obuggsgd@usgs.gov,209-947-1068
591,Katina,Lambrechts,12/23/1944,klambrechtsge@cyberchimps.com,740-491-7029
592,Cherrita,Whines,8/11/1983,cwhinesgf@ihg.com,181-652-3223
593,Maryl,Dayton,9/1/1941,mdaytongg@tamu.edu,104-191-9589
594,Lyn,Grzesiak,10/2/1938,lgrzesiakgh@tuttocitta.it,898-154-0144
595,Lise,Bendall,6/4/1950,lbendallgi@tinyurl.com,843-416-5403
596,Norry,Ashforth,4/1/1991,nashforthgj@bravesites.com,836-795-2855
597,Florina,Vasilevich,11/2/1987,fvasilevichgk@artisteer.com,420-670-4579
598,Deva,Hebblewhite,6/22/1942,dhebblewhitegl@usnews.com,361-137-8900
599,Myrah,Smorthit,11/10/1960,msmorthitgm@canalblog.com,415-619-0652
600,Jeffrey,Standen,11/24/1986,jstandengn@netlog.com,683-825-1391
601,Andrea,Coom,8/19/1920,acoomgo@linkedin.com,216-824-8332
602,Genevra,Giovannazzi,4/20/1988,ggiovannazzigp@opera.com,424-437-2892
603,Luelle,Knivett,1/19/1914,lknivettgq@rakuten.co.jp,979-518-7753
604,Bernetta,Burnyate,11/22/1974,bburnyategr@reuters.com,196-758-4909
605,Bondon,Enstone,8/24/1914,benstonegs@amazon.com,150-164-9553
606,Kelsy,Scarff,3/5/1972,kscarffgt@samsung.com,795-761-3064
607,Channa,Petrosian,3/21/1984,cpetrosiangu@japanpost.jp,296-122-6932
608,Julio,Boodle,10/7/1984,jboodlegv@npr.org,598-534-2187
609,Adrian,McEvilly,1/9/1925,amcevillygw@aol.com,574-961-2352
610,Caroline,Winchcombe,7/21/1931,cwinchcombegx@hud.gov,746-210-2290
611,Kata,Jodlkowski,8/7/1973,kjodlkowskigy@xrea.com,423-982-3357
612,Audrye,Lang,10/14/1913,alanggz@netscape.com,167-316-4888
613,Orv,Roze,7/13/1955,orozeh0@youtube.com,159-639-0885
614,Faulkner,Calley,7/11/1946,fcalleyh1@ning.com,286-710-6822
615,Michel,Ivanishin,10/31/1989,mivanishinh2@irs.gov,984-811-0416
616,Addy,Connichie,2/13/1910,aconnichieh3@github.com,167-187-8353
617,Cahra,Maxstead,5/15/1911,cmaxsteadh4@de.vu,233-954-8787
618,Whitman,Borley,4/24/1958,wborleyh5@rambler.ru,343-357-3761
619,Christean,Smithen,11/14/1911,csmithenh6@wikimedia.org,305-550-1910
620,Kassie,Crocker,12/8/1981,kcrockerh7@bing.com,733-685-2625
621,Meridel,Leemans,12/21/1993,mleemansh8@sitemeter.com,788-325-4714
622,Woody,Dickon,5/2/1986,wdickonh9@harvard.edu,455-841-0902
623,Konstantin,Coolbear,1/14/1985,kcoolbearha@webnode.com,319-429-5405
624,Dominic,Goodliff,10/2/1958,dgoodliffhb@ft.com,228-699-8150
625,Rollie,McClary,8/9/1985,rmcclaryhc@posterous.com,591-863-6234
626,Addison,Ollarenshaw,10/2/1979,aollarenshawhd@blinklist.com,742-700-1332
627,Lurette,Boltwood,10/18/2003,lboltwoodhe@businessweek.com,600-802-7437
628,Jaclyn,Rodger,4/23/1979,jrodgerhf@elpais.com,466-920-7178
629,Anetta,Tollerfield,3/18/2000,atollerfieldhg@sogou.com,900-512-4733
630,Lydon,Dymock,3/17/1968,ldymockhh@japanpost.jp,274-998-3896
631,Berenice,Farrimond,5/12/1928,bfarrimondhi@google.fr,966-390-1962
632,Marlo,Pudney,7/10/1936,mpudneyhj@acquirethisname.com,300-651-9736
633,Donnie,Heckle,7/24/1971,dhecklehk@howstuffworks.com,760-755-3882
634,Alasdair,Simmance,1/15/1971,asimmancehl@cornell.edu,180-987-1424
635,Wyn,Dionsetto,2/11/1919,wdionsettohm@marriott.com,855-774-0217
636,Vassili,Fuggle,11/15/1989,vfugglehn@myspace.com,262-647-5916
637,Sari,Littlekit,1/9/1980,slittlekitho@princeton.edu,559-490-8105
638,Vikki,Gwyther,5/30/1949,vgwytherhp@cafepress.com,365-957-9363
639,Ursola,Alloisi,6/11/1992,ualloisihq@marriott.com,630-569-2852
640,Audi,Icke,5/2/1976,aickehr@skype.com,621-270-1917
641,Davy,Seaborn,12/7/2002,dseabornhs@constantcontact.com,242-539-0317
642,Kitti,Bousquet,8/30/1960,kbousquetht@godaddy.com,640-386-9483
643,Nelly,Foot,4/25/1998,nfoothu@independent.co.uk,925-461-0925
644,Devora,Juara,7/5/1983,djuarahv@liveinternet.ru,249-503-6757
645,Merry,Lapenna,6/24/1958,mlapennahw@quantcast.com,302-512-8476
646,Kaleb,Kemitt,5/3/1943,kkemitthx@virginia.edu,159-753-0281
647,Goraud,Masi,5/18/1960,gmasihy@moonfruit.com,818-470-4661
648,Brantley,Back,1/20/1950,bbackhz@nyu.edu,879-960-8410
649,Aimil,Genn,7/29/1980,agenni0@cbslocal.com,446-312-5628
650,Lyle,Pickle,10/8/1973,lpicklei1@drupal.org,796-164-8450
651,Oates,Aubury,10/14/1969,oauburyi2@wired.com,897-189-4410
652,Elna,Berthod,1/14/1911,eberthodi3@patch.com,817-216-5959
653,Burke,Butchard,8/10/2003,bbutchardi4@wiley.com,906-954-6306
654,Celestyna,Orvis,11/7/1952,corvisi5@nhs.uk,314-789-7032
655,Ellene,McIlraith,12/22/1934,emcilraithi6@loc.gov,280-308-6627
656,Norrie,Bluschke,2/23/1930,nbluschkei7@smh.com.au,604-248-7619
657,Lyndel,Sobey,10/29/1957,lsobeyi8@tiny.cc,468-806-6615
658,Lisle,Carlill,8/3/2001,lcarlilli9@sakura.ne.jp,826-786-1873
659,Haskel,Feldklein,2/5/1968,hfeldkleinia@state.tx.us,618-969-4011
660,Carey,Lukes,9/10/1999,clukesib@cbsnews.com,337-413-0121
661,Audy,Goter,5/19/1981,agoteric@mlb.com,777-846-3432
662,Fleurette,Nardrup,9/30/1910,fnardrupid@deliciousdays.com,833-837-5473
663,Alix,Cruse,7/3/1916,acruseie@wordpress.com,610-543-1127
664,Florentia,Garth,12/7/1938,fgarthif@t.co,761-668-7164
665,Harlin,Barenski,12/25/2000,hbarenskiig@statcounter.com,828-289-0310
666,Corinna,Gudyer,6/19/1921,cgudyerih@livejournal.com,825-250-2635
667,Juanita,Wong,9/26/1927,jwongii@deliciousdays.com,427-236-8334
668,Hoyt,Edland,5/12/1943,hedlandij@mapquest.com,985-432-1354
669,Vivyan,Oxley,8/22/1938,voxleyik@list-manage.com,800-717-5220
670,Bartholomeus,Tappington,1/1/1970,btappingtonil@constantcontact.com,101-680-4702
671,Emile,Barlas,5/26/1990,ebarlasim@foxnews.com,564-168-3034
672,Marillin,Hughill,11/19/2003,mhughillin@opensource.org,232-618-9925
673,Constanta,MacGraith,9/14/1929,cmacgraithio@discovery.com,265-701-3235
674,Marylinda,Iacofo,2/26/1925,miacofoip@npr.org,502-461-1800
675,Elwood,Guidini,10/5/1991,eguidiniiq@liveinternet.ru,575-846-8137
676,Minne,Danihel,10/12/1980,mdanihelir@hud.gov,515-348-9370
677,Tara,Gerriets,9/23/1995,tgerrietsis@simplemachines.org,297-778-0666
678,Dunstan,Pessolt,6/29/1934,dpessoltit@dell.com,309-952-6877
679,Boothe,Blackley,2/24/1953,bblackleyiu@acquirethisname.com,417-651-8235
680,Willie,Carsberg,10/14/1984,wcarsbergiv@taobao.com,344-474-8966
681,Brose,Bastone,3/19/1959,bbastoneiw@dagondesign.com,566-865-1398
682,Corie,Benedicto,11/29/1931,cbenedictoix@netscape.com,445-531-8639
683,Ilise,Hallor,6/19/1974,ihalloriy@spiegel.de,670-473-1424
684,Uriel,Ciardo,6/29/1971,uciardoiz@tripadvisor.com,174-293-9717
685,Joeann,Cahalin,3/4/1983,jcahalinj0@pbs.org,571-501-8058
686,Pieter,Laidel,1/5/1937,plaidelj1@patch.com,156-725-8810
687,Ezmeralda,Cappel,12/27/1960,ecappelj2@dagondesign.com,781-869-0925
688,Clive,McCadden,4/8/1927,cmccaddenj3@nydailynews.com,741-398-9874
689,Marlane,Costell,4/12/1910,mcostellj4@reuters.com,404-823-6029
690,Stephie,Seabridge,5/26/1931,sseabridgej5@live.com,509-213-7119
691,Elwood,Van Waadenburg,12/12/1959,evanwaadenburgj6@nps.gov,287-889-9018
692,Judith,Cottage,11/15/1956,jcottagej7@reference.com,410-616-8748
693,Dyan,Shill,9/27/1936,dshillj8@netvibes.com,412-580-0691
694,Aloin,Boller,9/10/1971,abollerj9@bigcartel.com,155-906-3176
695,Kile,Rigler,3/10/1916,kriglerja@dion.ne.jp,618-153-9223
696,Benoit,Jorissen,10/17/1916,bjorissenjb@phpbb.com,298-123-3067
697,Quintilla,Antonazzi,11/2/1981,qantonazzijc@accuweather.com,223-694-5185
698,Douglass,Kinzel,7/25/1956,dkinzeljd@ucoz.com,538-258-7509
699,Nellie,Rustedge,7/1/1931,nrustedgeje@ycombinator.com,350-821-2013
700,Brennen,Seiler,8/10/1987,bseilerjf@jimdo.com,185-910-5179
701,Shawnee,Fromont,2/26/1940,sfromontjg@tripod.com,654-643-7340
702,Melba,Quayle,4/5/1969,mquaylejh@ezinearticles.com,961-472-0992
703,Aggy,Thomsson,12/27/1951,athomssonji@ucoz.com,373-313-3475
704,Sidonnie,Veelers,3/12/1932,sveelersjj@census.gov,422-163-3396
705,Wolfgang,Arnfield,5/15/2000,warnfieldjk@i2i.jp,341-146-4970
706,Brander,Safe,4/8/1910,bsafejl@japanpost.jp,205-111-2177
707,Johnathan,Carletti,8/31/1968,jcarlettijm@macromedia.com,647-666-9409
708,Missie,Lodeke,5/29/1913,mlodekejn@adobe.com,227-902-4516
709,Katine,Winman,5/26/1922,kwinmanjo@vinaora.com,156-697-2184
710,Immanuel,McLane,4/7/1991,imclanejp@cbc.ca,348-610-4635
711,Annecorinne,Gilding,4/10/1934,agildingjq@yandex.ru,391-504-7177
712,Roxanna,Andryushchenko,12/22/1968,randryushchenkojr@constantcontact.com,396-654-2942
713,Caryl,Pelman,3/31/1922,cpelmanjs@bing.com,780-846-9958
714,Toinette,Bambridge,9/1/1975,tbambridgejt@techcrunch.com,651-981-9895
715,Michelina,Dunkinson,4/27/1912,mdunkinsonju@topsy.com,207-508-7833
716,Adolphe,Cansdill,11/12/1947,acansdilljv@histats.com,731-267-3280
717,Renata,Driutti,11/27/1989,rdriuttijw@answers.com,562-524-6528
718,Othelia,Oldam,4/6/1932,ooldamjx@privacy.gov.au,237-905-0801
719,Jacki,Scargill,2/22/1928,jscargilljy@washington.edu,323-808-7018
720,Carlen,Foyster,2/23/1988,cfoysterjz@cnn.com,621-668-4149
721,Minne,Coughlan,2/21/1957,mcoughlank0@hostgator.com,212-673-4380
722,Desi,Jenner,3/18/1974,djennerk1@blinklist.com,388-231-0936
723,Drake,Tillard,8/26/1987,dtillardk2@skyrock.com,184-880-3401
724,Sascha,Aylward,12/14/1951,saylwardk3@washingtonpost.com,258-694-8454
725,Eda,Keoghan,7/3/1992,ekeoghank4@pagesperso-orange.fr,116-134-9671
726,Debee,Connow,1/18/1929,dconnowk5@tinyurl.com,916-949-0220
727,Verna,Baudi,1/29/1916,vbaudik6@ucla.edu,401-419-2158
728,Thorvald,Braban,10/10/1945,tbrabank7@slideshare.net,867-948-8634
729,Ced,Boniface,9/27/1964,cbonifacek8@mediafire.com,769-528-6310
730,Luce,Maslin,5/19/1953,lmaslink9@engadget.com,551-303-0807
731,Cozmo,Thwaites,4/4/1977,cthwaiteska@mashable.com,591-795-3647
732,Donelle,Heighton,12/20/1936,dheightonkb@parallels.com,132-711-5669
733,Abbott,Gatrell,3/21/1980,agatrellkc@japanpost.jp,283-661-8204
734,Gael,Buxcey,6/14/1958,gbuxceykd@omniture.com,148-891-8953
735,Rosanne,Wigsell,8/21/1992,rwigsellke@bbc.co.uk,641-394-9778
736,Bondon,Franzini,7/10/2004,bfranzinikf@seattletimes.com,191-332-4338
737,George,Presnall,8/29/1998,gpresnallkg@joomla.org,592-977-8426
738,Winnie,Loakes,6/17/1940,wloakeskh@utexas.edu,159-505-7495
739,Floris,Meas,12/13/1967,fmeaski@stanford.edu,507-739-0711
740,Andre,DeSousa,4/2/1974,adesousakj@bluehost.com,255-470-8379
741,Katya,Akitt,5/18/1949,kakittkk@hubpages.com,657-224-3101
742,Petrina,Pilling,5/10/1924,ppillingkl@bandcamp.com,947-162-2634
743,Aleece,Howsley,12/12/1933,ahowsleykm@goo.gl,502-952-2589
744,Evelin,Collinette,4/7/1956,ecollinettekn@indiatimes.com,595-786-2683
745,Thorpe,Simmonite,8/11/1966,tsimmoniteko@auda.org.au,953-570-7152
746,Jayme,Abbison,10/24/1985,jabbisonkp@is.gd,568-925-7752
747,Dianne,Freckingham,6/23/1967,dfreckinghamkq@facebook.com,305-551-3063
748,Aridatha,Stivey,3/2/1974,astiveykr@bravesites.com,460-474-6264
749,Meriel,Baradel,1/24/1981,mbaradelks@archive.org,181-610-1185
750,Hamel,Upham,12/15/1939,huphamkt@oakley.com,405-183-9811
751,Vic,Poznanski,7/29/1946,vpoznanskiku@bluehost.com,577-770-2420
752,Sly,Shankland,8/1/1911,sshanklandkv@dailymotion.com,913-925-0826
753,Christye,Littlechild,2/11/1954,clittlechildkw@latimes.com,978-657-5580
754,Shannan,Fenner,4/5/1940,sfennerkx@eepurl.com,515-238-2851
755,Kaspar,Moxsom,3/26/1911,kmoxsomky@economist.com,866-703-7881
756,Gaby,Ragsdall,1/2/1950,gragsdallkz@etsy.com,228-587-7791
757,Gabriella,Spurrett,7/26/1951,gspurrettl0@fastcompany.com,137-826-9821
758,Dynah,Tiplady,7/10/2001,dtipladyl1@blogger.com,964-887-2238
759,Storm,Aspinwall,12/4/1983,saspinwalll2@amazon.com,193-167-2179
760,Chloris,Georgeson,6/12/1950,cgeorgesonl3@constantcontact.com,467-461-6062
761,Prentice,Beaton,4/20/1959,pbeatonl4@ft.com,998-872-4279
762,Tallulah,Slyvester,7/18/1960,tslyvesterl5@unesco.org,530-838-1837
763,Querida,Scalera,7/3/1976,qscaleral6@cafepress.com,173-770-0752
764,Herman,Cominetti,1/18/1918,hcominettil7@yandex.ru,181-691-7377
765,Janis,Ruzicka,12/19/1978,jruzickal8@arstechnica.com,946-776-3613
766,Freddy,Glading,11/30/1981,fgladingl9@aboutads.info,797-814-7131
767,Dewitt,Pennini,3/25/1960,dpenninila@narod.ru,991-667-7481
768,Tatum,Charity,9/26/1956,tcharitylb@state.gov,674-567-5278
769,Orrin,Baszniak,12/11/1953,obaszniaklc@ezinearticles.com,433-413-2420
770,Winny,MacAree,10/6/1932,wmacareeld@vinaora.com,236-174-4961
771,Bat,Francescuzzi,10/11/1965,bfrancescuzzile@twitpic.com,135-637-6411
772,Leyla,Surplice,7/7/1996,lsurplicelf@wikipedia.org,770-866-8256
773,Winnie,Fink,3/2/1964,wfinklg@furl.net,952-703-6985
774,Sandi,Barense,8/4/1954,sbarenselh@bloomberg.com,546-487-1924
775,Yorgo,Sumshon,6/13/1914,ysumshonli@oaic.gov.au,255-693-0614
776,Rayna,Chippindall,2/26/1977,rchippindalllj@buzzfeed.com,946-796-7175
777,Gus,Connechy,10/27/2001,gconnechylk@sakura.ne.jp,654-515-1638
778,Marissa,Scutt,5/14/1911,mscuttll@discuz.net,277-520-7081
779,Emmott,Ashleigh,8/15/1963,eashleighlm@deliciousdays.com,101-993-7871
780,Maybelle,Trehearne,3/22/1914,mtrehearneln@amazon.com,226-985-3075
781,Hattie,Kleinstern,1/16/1945,hkleinsternlo@nationalgeographic.com,854-863-5804
782,Mattie,Vlach,2/18/1975,mvlachlp@google.es,551-239-8218
783,Mignonne,McCullen,3/12/1965,mmccullenlq@w3.org,524-859-9749
784,Evangelina,Ixor,8/26/1917,eixorlr@hao123.com,668-168-0941
785,Nikos,Abramino,8/14/1916,nabraminols@admin.ch,420-326-2379
786,Kirsteni,Robertazzi,1/25/1935,krobertazzilt@usa.gov,402-880-9778
787,Leone,Lias,10/22/1919,lliaslu@bing.com,618-901-8746
788,Wes,Guyonneau,3/24/2001,wguyonneaulv@upenn.edu,704-569-1066
789,Matias,Rossetti,5/27/1932,mrossettilw@comcast.net,674-843-0470
790,Magdalen,Gradon,12/9/1993,mgradonlx@shutterfly.com,248-345-3373
791,Spenser,Esel,3/20/1989,seselly@bbc.co.uk,575-710-9811
792,Wiatt,Kilshall,7/28/1983,wkilshalllz@xrea.com,420-647-4871
793,Dennison,Geany,1/18/1993,dgeanym0@comsenz.com,302-514-7731
794,Trudey,Georgeon,9/18/1989,tgeorgeonm1@oracle.com,943-866-6242
795,Melonie,Brinklow,7/23/1934,mbrinklowm2@hugedomains.com,522-517-1350
796,Deedee,Cash,3/4/1988,dcashm3@biblegateway.com,991-813-4985
797,Lamar,Horsewood,11/1/1957,lhorsewoodm4@google.co.jp,251-786-5076
798,Hailey,Dockree,2/16/1912,hdockreem5@angelfire.com,970-304-2542
799,Paule,Glennon,5/22/1929,pglennonm6@prlog.org,442-195-1114
800,Ricki,Mynard,7/14/2004,rmynardm7@symantec.com,646-158-9209
801,Bethany,Donlon,6/24/1934,bdonlonm8@dyndns.org,610-564-3977
802,Norman,Wildes,1/13/1914,nwildesm9@hatena.ne.jp,261-198-7645
803,Jaquenetta,Pinnion,7/26/2000,jpinnionma@prlog.org,909-355-5686
804,Alvira,Freeburn,9/19/1952,afreeburnmb@va.gov,247-857-0855
805,Alayne,Koppe,4/10/1975,akoppemc@npr.org,326-982-0869
806,Kathlin,Tuohy,4/7/1965,ktuohymd@about.me,289-748-3308
807,Mariam,Stoneham,1/3/1929,mstonehamme@sina.com.cn,727-320-0606
808,Imelda,Dedney,11/6/1977,idedneymf@i2i.jp,472-585-7084
809,Allissa,Harsant,1/24/1979,aharsantmg@cafepress.com,434-708-8015
810,Andrus,Feirn,3/7/1983,afeirnmh@marriott.com,596-653-4801
811,Kimble,Sloy,11/4/1955,ksloymi@g.co,334-582-8611
812,Tomlin,Motherwell,7/20/1968,tmotherwellmj@twitter.com,576-562-3350
813,Farrah,Hyde-Chambers,8/4/1977,fhydechambersmk@hexun.com,350-910-7225
814,Boote,Birchill,12/5/1957,bbirchillml@shop-pro.jp,249-312-2326
815,Herve,Sunnucks,3/21/1946,hsunnucksmm@huffingtonpost.com,311-609-0221
816,Roscoe,Bottoner,11/24/1944,rbottonermn@simplemachines.org,975-809-2122
817,Arlina,Lundberg,6/28/1936,alundbergmo@tinypic.com,209-320-7297
818,Willy,Klicher,8/27/1958,wklichermp@apple.com,909-863-3511
819,Ogdon,Mowlam,12/30/1924,omowlammq@addthis.com,317-630-8115
820,Ara,Skellon,2/8/1938,askellonmr@virginia.edu,385-289-2048
821,Granville,Persich,1/20/1932,gpersichms@networksolutions.com,769-656-3530
822,Dominic,Gillbe,6/25/1974,dgillbemt@joomla.org,968-437-5812
823,Gardy,Chaundy,1/6/1933,gchaundymu@mtv.com,238-104-1597
824,De,Yearsley,10/17/1953,dyearsleymv@dailymail.co.uk,808-132-8183
825,Ferguson,Leverson,2/19/1952,fleversonmw@goodreads.com,601-314-1099
826,Lisa,Litt,5/14/1996,llittmx@spiegel.de,460-379-1018
827,Etienne,McNuff,1/13/1979,emcnuffmy@clickbank.net,900-346-6282
828,Megan,Marzelo,2/1/1919,mmarzelomz@instagram.com,318-194-9304
829,Bridgette,McCardle,1/15/1975,bmccardlen0@wordpress.org,106-251-8623
830,Marline,Tremblet,5/22/1942,mtrembletn1@europa.eu,870-864-5828
831,Bendicty,Sabine,1/25/1962,bsabinen2@miitbeian.gov.cn,165-891-3969
832,Marleah,Buckingham,4/23/1948,mbuckinghamn3@theglobeandmail.com,678-410-2682
833,Zorana,Ward,10/13/1987,zwardn4@123-reg.co.uk,583-979-2015
834,Tabby,Medford,12/30/1995,tmedfordn5@geocities.jp,978-894-4511
835,Ellissa,Phare,10/18/1922,epharen6@yolasite.com,632-247-8793
836,Ramsey,Risbie,12/13/1984,rrisbien7@github.io,224-152-3035
837,Marylou,Abramchik,3/3/1994,mabramchikn8@cnet.com,901-959-2886
838,Suellen,Guisot,2/5/1977,sguisotn9@livejournal.com,262-344-4871
839,Robbie,Yearns,10/30/1925,ryearnsna@webmd.com,396-567-5588
840,Jordain,Foulger,1/25/1971,jfoulgernb@friendfeed.com,661-694-2799
841,Adelaida,Doughtery,7/16/1948,adoughterync@shinystat.com,201-297-2441
842,Hodge,Coie,3/16/2002,hcoiend@myspace.com,296-934-5369
843,Tobiah,Setterington,12/2/1981,tsetteringtonne@apache.org,629-233-7540
844,Shem,Soden,8/7/1920,ssodennf@google.pl,592-262-5106
845,Maribelle,Bourchier,3/31/1912,mbourchierng@wordpress.com,661-986-7704
846,Katrine,Bachshell,2/23/1999,kbachshellnh@nyu.edu,132-975-3395
847,Jamaal,Welham,10/6/1959,jwelhamni@t.co,657-768-0871
848,Courtnay,McLise,12/30/1989,cmclisenj@jiathis.com,965-414-0721
849,Fulvia,Casaroli,9/3/2004,fcasarolink@skype.com,812-983-2022
850,Tate,Britt,10/10/1922,tbrittnl@feedburner.com,770-817-4456
851,Shelley,Antognoni,8/7/1959,santognoninm@usatoday.com,148-113-6734
852,Mona,Burchmore,9/28/2001,mburchmorenn@wikispaces.com,202-288-3039
853,Harriette,Korneev,1/15/1944,hkorneevno@blog.com,401-718-2865
854,Ola,Magarrell,1/16/1927,omagarrellnp@drupal.org,480-992-9887
855,Cilka,Harnes,8/24/1981,charnesnq@craigslist.org,777-373-4472
856,Theresina,Pendergast,6/6/1918,tpendergastnr@booking.com,785-335-8667
857,Carlie,Forge,9/1/1929,cforgens@msn.com,970-732-7771
858,Jere,Jepps,4/5/1962,jjeppsnt@springer.com,837-814-1825
859,Hilton,Rowcastle,3/4/1916,hrowcastlenu@ow.ly,404-101-3562
860,Blithe,Hazeup,9/1/1951,bhazeupnv@yahoo.com,555-607-8956
861,Ximenez,Goby,1/22/1946,xgobynw@samsung.com,568-406-5028
862,Phebe,Banting,3/4/1946,pbantingnx@constantcontact.com,609-542-7753
863,Deirdre,Wagner,2/9/1995,dwagnerny@nymag.com,297-323-1035
864,Rosabella,Say,8/14/1944,rsaynz@statcounter.com,211-417-2932
865,Elsbeth,Connelly,11/17/1980,econnellyo0@alexa.com,567-557-7259
866,Hardy,Bassford,2/3/1994,hbassfordo1@nba.com,989-849-4554
867,Melisenda,Uc,1/28/1990,muco2@digg.com,471-842-9519
868,Hetty,Labusch,5/18/1946,hlabuscho3@nhs.uk,977-109-4150
869,Gerald,Joska,6/2/1937,gjoskao4@example.com,780-646-5160
870,Cayla,Beadman,3/2/1975,cbeadmano5@bizjournals.com,848-361-3798
871,Merrel,Leynton,3/13/1985,mleyntono6@webnode.com,686-726-8173
872,Euphemia,Oughton,9/11/1919,eoughtono7@instagram.com,489-646-0896
873,Micky,Eves,1/10/1997,meveso8@gizmodo.com,112-602-0681
874,Mikaela,Duffett,12/14/1923,mduffetto9@cornell.edu,184-530-9695
875,Larine,Chavez,11/16/1910,lchavezoa@techcrunch.com,679-322-2648
876,Emmerich,Nacci,2/8/1989,enacciob@ftc.gov,752-358-6074
877,Karlie,Pleven,11/28/1923,kplevenoc@nationalgeographic.com,284-528-9929
878,Johannes,McAuliffe,1/20/1963,jmcauliffeod@ted.com,385-273-0346
879,Rubi,Luton,1/19/1938,rlutonoe@sciencedaily.com,456-199-0093
880,Jannel,Yong,8/12/1959,jyongof@va.gov,286-664-0918
881,Darla,Ketchaside,7/15/1957,dketchasideog@flickr.com,796-616-5241
882,Erika,Dufer,2/3/1966,eduferoh@cloudflare.com,237-946-9169
883,Danit,Kapelhof,3/19/1969,dkapelhofoi@bluehost.com,871-510-1405
884,Wildon,Reneke,12/2/1967,wrenekeoj@moonfruit.com,666-184-7034
885,Meggie,Masedon,3/17/1929,mmasedonok@godaddy.com,894-809-0346
886,Araldo,Tennick,10/19/1945,atennickol@dailymail.co.uk,947-113-7261
887,Regine,Doey,8/24/1928,rdoeyom@toplist.cz,282-592-9929
888,Lisbeth,Springthorpe,6/8/1948,lspringthorpeon@aol.com,600-717-9274
889,Ibrahim,Ing,1/29/1954,iingoo@scribd.com,917-620-3725
890,Terrell,Haskew,11/26/1993,thaskewop@cnet.com,566-815-6865
891,Ford,Thoumasson,3/27/1937,fthoumassonoq@webs.com,414-270-1538
892,Dorree,Callf,12/6/1927,dcallfor@tripod.com,148-338-0055
893,Claudette,Skaid,1/23/1996,cskaidos@redcross.org,901-538-9799
894,Blondy,Ramsbotham,6/30/1946,bramsbothamot@devhub.com,650-327-3905
895,Vina,Colton,11/27/2000,vcoltonou@printfriendly.com,852-931-8112
896,Emilio,Rack,4/18/1947,erackov@foxnews.com,394-894-6988
897,Giorgi,Gardner,3/13/1959,ggardnerow@hatena.ne.jp,410-973-3694
898,Eleonora,Eastham,2/8/2002,eeasthamox@digg.com,813-755-8632
899,Roman,MacPaike,11/27/1957,rmacpaikeoy@sciencedirect.com,959-545-8954
900,Caldwell,Leathlay,8/25/1929,cleathlayoz@columbia.edu,838-221-2137
901,Theresina,Greathead,7/7/1983,tgreatheadp0@weibo.com,603-872-4201
902,Porty,Qusklay,3/14/1984,pqusklayp1@wikia.com,285-825-9395
903,Barris,Lusk,1/31/1999,bluskp2@skyrock.com,879-922-0344
904,Enriqueta,Odegaard,5/24/1982,eodegaardp3@wikia.com,880-225-2568
905,Hakeem,Wedlock,9/6/1914,hwedlockp4@noaa.gov,196-986-4901
906,Ailina,Firby,3/6/1948,afirbyp5@issuu.com,606-706-1838
907,Mirilla,Ellsbury,11/12/1943,mellsburyp6@wordpress.com,116-704-5831
908,Sherlocke,Stiggles,3/30/1914,sstigglesp7@liveinternet.ru,968-427-9905
909,Efren,Ivoshin,6/15/1923,eivoshinp8@lulu.com,342-535-7238
910,Myrlene,Fritchley,7/12/1976,mfritchleyp9@woothemes.com,563-655-8661
911,Casper,Tollow,7/10/1912,ctollowpa@amazonaws.com,824-580-3068
912,Gerti,Feighney,1/21/1976,gfeighneypb@army.mil,364-183-5904
913,Reagen,Matskiv,6/21/1924,rmatskivpc@weather.com,901-563-4568
914,Willi,De Castri,5/5/1917,wdecastripd@yellowbook.com,754-654-7536
915,Ester,Troman,3/11/1999,etromanpe@biglobe.ne.jp,707-889-9420
916,Zelig,Chapple,11/4/1978,zchapplepf@netlog.com,616-976-2545
917,Godfry,Goodhay,7/5/1912,ggoodhaypg@apache.org,543-472-6792
918,Therine,Bryden,4/21/1923,tbrydenph@ezinearticles.com,271-220-9850
919,Wally,Pursglove,10/1/1980,wpursglovepi@blogtalkradio.com,658-292-9786
920,Daryl,Laborde,2/21/1951,dlabordepj@addthis.com,585-708-3444
921,Devlen,Jewitt,7/1/1986,djewittpk@webeden.co.uk,738-268-7128
922,Shelby,Benazet,7/11/1982,sbenazetpl@bloglovin.com,670-326-0936
923,Finley,Tawse,3/14/1929,ftawsepm@myspace.com,718-293-5369
924,Arleta,Bartelli,9/14/1982,abartellipn@yandex.ru,718-635-4345
925,Coraline,Crookshanks,8/26/1955,ccrookshankspo@shop-pro.jp,310-748-8905
926,Marcella,Kramer,9/14/1924,mkramerpp@moonfruit.com,841-201-1106
927,Pate,Dalmon,5/20/1982,pdalmonpq@yandex.ru,659-591-5090
928,Eugenius,Kenningham,5/14/1925,ekenninghampr@g.co,607-766-4923
929,Berna,Veljes,8/11/1943,bveljesps@imageshack.us,945-654-1150
930,Ephraim,Yeld,1/19/1971,eyeldpt@reddit.com,326-867-8885
931,Wade,Towndrow,8/13/1991,wtowndrowpu@irs.gov,498-479-0072
932,Prince,Gerrey,10/30/1945,pgerreypv@bandcamp.com,517-229-4955
933,Ernst,Bielfelt,7/1/1991,ebielfeltpw@wikia.com,854-159-8285
934,Demetria,Fitchet,7/15/2004,dfitchetpx@google.es,155-251-2852
935,Eleanore,Carillo,11/6/1990,ecarillopy@surveymonkey.com,156-483-3997
936,Ronnica,Moller,9/1/1950,rmollerpz@dyndns.org,635-276-0019
937,Clair,Guyonneau,4/25/1913,cguyonneauq0@vinaora.com,365-290-1665
938,Cindelyn,Tellenbrook,4/27/1951,ctellenbrookq1@angelfire.com,217-174-0440
939,Dorisa,Martinie,7/17/1919,dmartinieq2@xrea.com,592-549-7528
940,Lyndy,Lain,7/14/1950,llainq3@mapy.cz,869-486-5639
941,Mattheus,Thecham,7/29/1914,mthechamq4@wufoo.com,114-633-5838
942,Becky,Sima,10/23/1950,bsimaq5@census.gov,259-261-4881
943,Bendix,Jakaway,7/30/1939,bjakawayq6@reverbnation.com,905-867-7354
944,Gilemette,Jone,7/15/1965,gjoneq7@answers.com,372-145-5062
945,Sibeal,Malden,6/6/1998,smaldenq8@naver.com,632-987-1530
946,Danika,Jemmett,11/5/1995,djemmettq9@seattletimes.com,338-371-1598
947,Alard,Pennyman,5/6/1948,apennymanqa@uol.com.br,663-930-4283
948,Vally,Battey,2/25/1947,vbatteyqb@cloudflare.com,356-146-7509
949,Mohandis,Synnott,12/1/1993,msynnottqc@comcast.net,412-359-3851
950,Evangelina,Cleaton,2/19/1952,ecleatonqd@mlb.com,909-161-2632
951,Philippine,Ely,11/12/1988,pelyqe@illinois.edu,890-888-8130
952,Genovera,Abbado,7/30/1999,gabbadoqf@4shared.com,387-161-3876
953,Kasper,Biddlestone,11/14/1932,kbiddlestoneqg@japanpost.jp,881-470-4469
954,Catarina,Prophet,1/1/1911,cprophetqh@slate.com,606-755-9916
955,Calv,Goodinge,4/28/1915,cgoodingeqi@4shared.com,894-380-4838
956,Vivian,Heigl,4/5/1977,vheiglqj@blogger.com,153-414-8057
957,Garey,Giacobini,1/21/1927,ggiacobiniqk@uiuc.edu,124-161-6934
958,Edi,Tyer,5/15/1910,etyerql@privacy.gov.au,828-863-6037
959,Wenda,Lassen,11/25/1982,wlassenqm@webmd.com,128-378-5391
960,Clayson,Georgot,4/1/1948,cgeorgotqn@github.io,999-305-6357
961,Wilburt,Hibling,12/24/1969,whiblingqo@biglobe.ne.jp,256-581-6625
962,Delainey,Marcroft,6/1/1972,dmarcroftqp@scientificamerican.com,568-963-5535
963,Wernher,Togher,12/14/1936,wtogherqq@sphinn.com,814-562-0057
964,Fairfax,Storr,11/21/1947,fstorrqr@thetimes.co.uk,390-340-5370
965,Humbert,Gomme,7/27/1916,hgommeqs@addtoany.com,980-707-3714
966,Melania,Rielly,2/28/1945,mriellyqt@nymag.com,703-277-5623
967,Aarika,Lasselle,6/30/1994,alassellequ@biglobe.ne.jp,898-193-0070
968,Julianna,Finnick,4/15/1926,jfinnickqv@canalblog.com,303-697-1113
969,Alleen,Conew,6/21/1915,aconewqw@jigsy.com,930-112-2373
970,Ermanno,Andres,6/26/1941,eandresqx@delicious.com,730-273-2000
971,Auberon,Patience,9/3/1936,apatienceqy@mtv.com,864-893-7055
972,Kassey,Andor,11/7/1985,kandorqz@ucoz.ru,125-313-8790
973,Teresa,Husband,1/14/1926,thusbandr0@zdnet.com,608-187-7529
974,Dominique,Hesey,6/18/1931,dheseyr1@netlog.com,416-313-9967
975,Christie,Vanini,10/20/1979,cvaninir2@ustream.tv,162-238-6027
976,Tam,Gutridge,5/9/1917,tgutridger3@delicious.com,335-263-9646
977,Delbert,Evitts,4/13/1973,devittsr4@nbcnews.com,507-326-2895
978,Clarice,Elener,7/14/1927,celenerr5@cdbaby.com,444-633-9110
979,Lem,McTerlagh,8/12/1968,lmcterlaghr6@godaddy.com,372-556-5626
980,Leoine,Tysack,1/3/1957,ltysackr7@linkedin.com,816-833-1010
981,Marice,Vaughton,3/1/1924,mvaughtonr8@elegantthemes.com,264-374-5113
982,Maye,Pobjay,11/19/1934,mpobjayr9@photobucket.com,116-400-3492
983,Walliw,Frissell,4/5/2000,wfrissellra@nymag.com,584-390-4393
984,Dulci,Haysom,3/9/1938,dhaysomrb@wikipedia.org,439-524-6620
985,Eberto,Denziloe,1/2/1960,edenziloerc@webs.com,466-827-1378
986,Dianemarie,Vaune,10/19/1999,dvaunerd@purevolume.com,117-799-3923
987,Gwyneth,Hawkings,7/21/1941,ghawkingsre@telegraph.co.uk,772-774-3082
988,Elbertine,Aggott,2/9/1953,eaggottrf@sohu.com,854-134-0642
989,Conny,Cure,8/24/1973,ccurerg@ucla.edu,379-633-1611
990,Fionnula,Sevin,1/20/1925,fsevinrh@gmpg.org,364-981-7072
991,Catharine,Cristofvao,10/18/1929,ccristofvaori@jigsy.com,222-743-2213
992,Mannie,Gresham,6/30/1975,mgreshamrj@addtoany.com,363-241-6356
993,Davidson,Clutterbuck,7/3/1950,dclutterbuckrk@fotki.com,620-866-8284
994,Reid,Redhead,8/10/1968,rredheadrl@sina.com.cn,413-353-1247
995,Benedict,Drysdell,9/25/1955,bdrysdellrm@economist.com,158-202-1674
996,Velvet,Filyakov,9/6/1957,vfilyakovrn@drupal.org,507-662-1170
997,Ira,Finders,4/4/1967,ifindersro@goodreads.com,348-215-8339
998,Jannel,Treen,9/10/1974,jtreenrp@ning.com,758-124-3888
999,Druci,Maile,2/3/1986,dmailerq@naver.com,815-574-5568
1000,Isaiah,Braney,7/20/1936,ibraneyrr@tinyurl.com,607-573-0143
